1,RAMU,RAMU,ramu@gmail.com,40
2,CHRISTINA,HART,chart1@dropbox.com,29
3,JANET,WARREN,jwarren2@hc360.com,21
4,PAMELA,SMITH,psmith3@nps.gov,21
5,VICTOR,WATKINS,vwatkins4@newsvine.com,29
6,MILDRED,LARSON,mlarson5@exblog.jp,20
7,ERIC,THOMPSON,ethompson6@buzzfeed.com,28
8,PHYLLIS,VASQUEZ,pvasquez7@blogspot.com,28
9,ALAN,GUTIERREZ,agutierrez8@about.me,26
10,LOUIS,LOPEZ,llopez9@ning.com,22
11,ELIZABETH,MYERS,emyersa@bigcartel.com,29
12,EMILY,PHILLIPS,ephillipsb@1688.com,29
13,DOROTHY,HOLMES,dholmesc@redcross.org,24
14,SHIRLEY,CAMPBELL,scampbelld@paypal.com,21
15,PAMELA,WATSON,pwatsone@pen.io,25
16,HAROLD,MILLS,hmillsf@va.gov,28
17,JUAN,KING,jkingg@walmart.com,22
18,FRED,GORDON,fgordonh@chronoengine.com,27
19,DOUGLAS,HARRIS,dharrisi@yahoo.co.jp,23
20,RALPH,BENNETT,rbennettj@utexas.edu,24
21,STEPHEN,ROMERO,sromerok@nih.gov,20
22,DOROTHY,ELLIOTT,delliottl@yandex.ru,26
23,TERRY,RODRIGUEZ,trodriguezm@stanford.edu,23
24,LOUISE,WHEELER,lwheelern@amazon.de,27
25,STEVE,RAMOS,sramoso@barnesandnoble.com,21
26,KELLY,CARROLL,kcarrollp@oakley.com,22
27,KENNETH,HENDERSON,khendersonq@liveinternet.ru,26
28,BOBBY,SNYDER,bsnyderr@symantec.com,30
29,SANDRA,ANDREWS,sandrewss@cbc.ca,23
30,JULIA,BOWMAN,jbowmant@sogou.com,27
31,TIMOTHY,NELSON,tnelsonu@nydailynews.com,30
32,JUSTIN,BROWN,jbrownv@simplemachines.org,24
33,JOHNNY,MENDOZA,jmendozaw@mit.edu,29
34,BARBARA,DEAN,bdeanx@myspace.com,20
35,DIANA,ALLEN,dalleny@hubpages.com,25
36,EARL,JAMES,ejamesz@umich.edu,23
37,ROY,KING,rking10@hatena.ne.jp,25
38,EARL,HALL,ehall11@jiathis.com,21
39,PHILIP,CARTER,pcarter12@themeforest.net,30
40,ANDREA,FULLER,afuller13@about.me,26
41,GLORIA,BRADLEY,gbradley14@yellowbook.com,24
42,MATTHEW,FOX,mfox15@google.com.au,25
43,ANNIE,MITCHELL,amitchell16@si.edu,29
44,KENNETH,COOPER,kcooper17@studiopress.com,29
45,LORI,FOWLER,lfowler18@businessweek.com,20
46,GEORGE,GARDNER,ggardner19@liveinternet.ru,25
47,SARA,FOWLER,sfowler1a@mac.com,27
48,FRED,HOWARD,fhoward1b@youtu.be,30
49,ALAN,HART,ahart1c@1und1.de,24
50,ALBERT,ROBERTSON,arobertson1d@japanpost.jp,20
51,PATRICK,HAYES,phayes1e@acquirethisname.com,28
52,TAMMY,ALLEN,tallen1f@blog.com,25
53,RONALD,BERRY,rberry1g@rakuten.co.jp,20
54,PHILIP,SIMPSON,psimpson1h@privacy.gov.au,23
55,LOUIS,HARRISON,lharrison1i@nymag.com,21
56,BONNIE,WELLS,bwells1j@geocities.com,27
57,MARK,REED,mreed1k@arstechnica.com,20
58,CARLOS,MCDONALD,cmcdonald1l@cbc.ca,25
59,AMY,FOWLER,afowler1m@comsenz.com,22
60,STEPHANIE,ANDREWS,sandrews1n@icio.us,26
61,KATHY,SHAW,kshaw1o@nytimes.com,23
62,WILLIAM,HARVEY,wharvey1p@xrea.com,23
63,AMY,ARNOLD,aarnold1q@ftc.gov,24
64,ANNE,BARNES,abarnes1r@prnewswire.com,24
65,LILLIAN,COOK,lcook1s@devhub.com,21
66,CHERYL,GONZALES,cgonzales1t@kickstarter.com,22
67,MARIA,ADAMS,madams1u@telegraph.co.uk,21
68,CHRISTINE,SIMPSON,csimpson1v@netscape.com,29
69,BRIAN,PARKER,bparker1w@360.cn,23
70,ANNIE,DAY,aday1x@joomla.org,26
71,BRANDON,BAILEY,bbailey1y@berkeley.edu,28
72,ROBERT,GRAHAM,rgraham1z@homestead.com,29
73,JAMES,HUNT,jhunt20@privacy.gov.au,24
74,STEPHEN,FRAZIER,sfrazier21@feedburner.com,25
75,MARIE,BURTON,mburton22@timesonline.co.uk,24
76,KIMBERLY,COOK,kcook23@foxnews.com,26
77,GLORIA,MONTGOMERY,gmontgomery24@comcast.net,26
78,LISA,LANE,llane25@cpanel.net,24
79,SHARON,WILLIS,swillis26@si.edu,28
80,JULIE,BANKS,jbanks27@comcast.net,22
81,LOUIS,FOWLER,lfowler28@exblog.jp,29
82,LAWRENCE,WEAVER,lweaver29@gizmodo.com,27
83,RICHARD,TURNER,rturner2a@uol.com.br,25
84,BETTY,NELSON,bnelson2b@redcross.org,25
85,RUSSELL,WILSON,rwilson2c@walmart.com,28
86,PHILIP,BRADLEY,pbradley2d@elegantthemes.com,28
87,NANCY,BRADLEY,nbradley2e@studiopress.com,21
88,TERRY,WOODS,twoods2f@phoca.cz,21
89,DENNIS,PEREZ,dperez2g@dell.com,24
90,LAWRENCE,LARSON,llarson2h@hatena.ne.jp,28
91,JEREMY,NICHOLS,jnichols2i@eventbrite.com,25
92,BRIAN,HART,bhart2j@woothemes.com,20
93,JOSE,SPENCER,jspencer2k@newyorker.com,20
94,TODD,DEAN,tdean2l@sitemeter.com,23
95,HEATHER,HARPER,hharper2m@walmart.com,27
96,THERESA,MEDINA,tmedina2n@bing.com,22
97,ALAN,ADAMS,aadams2o@businessinsider.com,22
98,JERRY,BROOKS,jbrooks2p@usa.gov,23
99,BRUCE,DAY,bday2q@ca.gov,27
100,CRAIG,REID,creid2r@telegraph.co.uk,24
101,DEBORAH,RILEY,driley2s@cpanel.net,20
102,ANNIE,GREENE,agreene2t@scientificamerican.com,23
103,KATHY,MARSHALL,kmarshall2u@vistaprint.com,24
104,JOSEPH,ALLEN,jallen2v@europa.eu,28
105,WILLIAM,FORD,wford2w@etsy.com,21
106,SHIRLEY,PIERCE,spierce2x@va.gov,22
107,JIMMY,HOLMES,jholmes2y@umn.edu,25
108,RANDY,LYNCH,rlynch2z@youku.com,27
109,BONNIE,MYERS,bmyers30@yelp.com,27
110,JULIE,ALLEN,jallen31@blogger.com,28
111,GARY,STEPHENS,gstephens32@blinklist.com,25
112,JOSE,BRADLEY,jbradley33@jugem.jp,22
113,RONALD,CHAPMAN,rchapman34@icio.us,23
114,MICHAEL,BARNES,mbarnes35@wikipedia.org,29
115,JENNIFER,FIELDS,jfields36@stanford.edu,24
116,HENRY,DAY,hday37@squidoo.com,20
117,JEAN,BURNS,jburns38@g.co,21
118,STEPHEN,HAYES,shayes39@youtu.be,21
119,MELISSA,JONES,mjones3a@hostgator.com,28
120,SARAH,KIM,skim3b@networksolutions.com,27
121,KATHRYN,REED,kreed3c@netscape.com,24
122,JUAN,JOHNSTON,jjohnston3d@scientificamerican.com,29
123,ANDREW,ROGERS,arogers3e@ted.com,26
124,ERNEST,FORD,eford3f@microsoft.com,28
125,JUDITH,DANIELS,jdaniels3g@theatlantic.com,25
126,PHILIP,CLARK,pclark3h@google.co.uk,26
127,JERRY,ROGERS,jrogers3i@chronoengine.com,20
128,AMY,STONE,astone3j@wired.com,27
129,TIMOTHY,PERRY,tperry3k@usnews.com,21
130,JUDITH,ELLIS,jellis3l@purevolume.com,23
131,MARTHA,SCOTT,mscott3m@canalblog.com,27
132,ELIZABETH,JENKINS,ejenkins3n@mail.ru,20
133,STEVE,FULLER,sfuller3o@google.cn,25
134,MARILYN,CASTILLO,mcastillo3p@behance.net,21
135,KELLY,GRANT,kgrant3q@sakura.ne.jp,29
136,DIANA,WEAVER,dweaver3r@hatena.ne.jp,23
137,TINA,ROGERS,trogers3s@spotify.com,26
138,KIMBERLY,MARSHALL,kmarshall3t@flickr.com,29
139,JOAN,HARRIS,jharris3u@prweb.com,25
140,LORI,GONZALEZ,lgonzalez3v@dailymail.co.uk,25
141,TERESA,HAMILTON,thamilton3w@elegantthemes.com,22
142,CLARENCE,BENNETT,cbennett3x@posterous.com,21
143,CYNTHIA,GRAY,cgray3y@theguardian.com,21
144,JOHNNY,COOPER,jcooper3z@cisco.com,26
145,ANNIE,HALL,ahall40@hexun.com,28
146,JACK,MITCHELL,jmitchell41@businessweek.com,21
147,JENNIFER,SMITH,jsmith42@istockphoto.com,20
148,RONALD,REID,rreid43@live.com,23
149,ROBERT,WILLIS,rwillis44@mlb.com,23
150,HELEN,BOYD,hboyd45@ezinearticles.com,25
151,JULIE,WOOD,jwood46@mail.ru,23
152,STEVEN,BAKER,sbaker47@photobucket.com,30
153,MELISSA,HARRIS,mharris48@trellian.com,25
154,TAMMY,RIVERA,trivera49@eventbrite.com,25
155,ARTHUR,WATSON,awatson4a@odnoklassniki.ru,26
156,MICHAEL,ELLIS,mellis4b@msu.edu,28
157,BRENDA,SIMMONS,bsimmons4c@altervista.org,29
158,LARRY,FOX,lfox4d@ca.gov,24
159,PHYLLIS,ELLIS,pellis4e@histats.com,25
160,SCOTT,BROWN,sbrown4f@marketwatch.com,30
161,KEITH,HAYES,khayes4g@blogspot.com,27
162,CHRISTINA,FOWLER,cfowler4h@reddit.com,20
163,LINDA,ROBERTS,lroberts4i@cnbc.com,24
164,DAVID,WEST,dwest4j@wikimedia.org,27
165,ERNEST,SULLIVAN,esullivan4k@abc.net.au,21
166,DOROTHY,JENKINS,djenkins4l@deviantart.com,27
167,JASON,WEBB,jwebb4m@hibu.com,27
168,NICHOLAS,FREEMAN,nfreeman4n@google.ru,27
169,AMY,MORENO,amoreno4o@networkadvertising.org,30
170,RAYMOND,ROSE,rrose4p@wordpress.com,27
171,DOROTHY,LARSON,dlarson4q@seattletimes.com,23
172,ANNA,RAMIREZ,aramirez4r@spotify.com,24
173,ANTONIO,MURPHY,amurphy4s@apple.com,28
174,SEAN,ARNOLD,sarnold4t@liveinternet.ru,27
175,JANE,BOYD,jboyd4u@storify.com,26
176,MARGARET,HARRIS,mharris4v@etsy.com,26
177,RONALD,MORALES,rmorales4w@unesco.org,29
178,KENNETH,DIXON,kdixon4x@furl.net,21
179,TODD,HUNTER,thunter4y@tripadvisor.com,28
180,STEPHEN,SIMPSON,ssimpson4z@miibeian.gov.cn,21
181,BETTY,SANCHEZ,bsanchez50@yolasite.com,28
182,HOWARD,PETERSON,hpeterson51@artisteer.com,22
183,EDWARD,FLORES,eflores52@craigslist.org,24
184,LISA,POWELL,lpowell53@answers.com,25
185,ANDREA,RICHARDS,arichards54@plala.or.jp,21
186,STEVE,KELLEY,skelley55@angelfire.com,25
187,JEFFREY,HENDERSON,jhenderson56@oracle.com,21
188,JERRY,GONZALES,jgonzales57@bluehost.com,23
189,KEVIN,HILL,khill58@guardian.co.uk,20
190,STEPHEN,HAYES,shayes59@amazon.co.uk,20
191,LISA,RODRIGUEZ,lrodriguez5a@unesco.org,24
192,JOAN,FREEMAN,jfreeman5b@mashable.com,24
193,AMANDA,REYES,areyes5c@biblegateway.com,24
194,RUBY,ROBINSON,rrobinson5d@webmd.com,23
195,FRANK,BROOKS,fbrooks5e@hubpages.com,24
196,KEITH,ALVAREZ,kalvarez5f@elpais.com,20
197,ARTHUR,KING,aking5g@msn.com,22
198,GARY,STANLEY,gstanley5h@prnewswire.com,23
199,BRANDON,PORTER,bporter5i@fotki.com,28
200,WALTER,FERGUSON,wferguson5j@163.com,24
201,EUGENE,CARR,ecarr5k@drupal.org,22
202,JUSTIN,MARTINEZ,jmartinez5l@marriott.com,30
203,VIRGINIA,PARKER,vparker5m@msn.com,21
204,RACHEL,MONTGOMERY,rmontgomery5n@over-blog.com,24
205,NICHOLAS,COLEMAN,ncoleman5o@constantcontact.com,22
206,SEAN,GARDNER,sgardner5p@nsw.gov.au,26
207,SUSAN,STEPHENS,sstephens5q@sina.com.cn,26
208,FRANK,WARREN,fwarren5r@wp.com,24
209,MARGARET,HARPER,mharper5s@freewebs.com,26
210,LILLIAN,REED,lreed5t@nasa.gov,22
211,KELLY,DAVIS,kdavis5u@shop-pro.jp,20
212,STEVEN,MENDOZA,smendoza5v@wordpress.org,30
213,DANIEL,ANDREWS,dandrews5w@homestead.com,22
214,EUGENE,FLORES,eflores5x@abc.net.au,30
215,JERRY,LOPEZ,jlopez5y@studiopress.com,20
216,CHRISTINE,GORDON,cgordon5z@wikimedia.org,20
217,JANICE,COOPER,jcooper60@pinterest.com,24
218,NICOLE,ADAMS,nadams61@naver.com,23
219,JASON,GRAHAM,jgraham62@tamu.edu,20
220,PHILIP,ROSE,prose63@lulu.com,27
221,JONATHAN,BRYANT,jbryant64@msn.com,25
222,MARILYN,LITTLE,mlittle65@phpbb.com,21
223,NICOLE,GARRETT,ngarrett66@loc.gov,30
224,DIANE,GONZALES,dgonzales67@yahoo.co.jp,27
225,WILLIAM,DIXON,wdixon68@apple.com,26
226,HELEN,THOMPSON,hthompson69@japanpost.jp,24
227,IRENE,SANDERS,isanders6a@networkadvertising.org,23
228,JACQUELINE,BROOKS,jbrooks6b@weebly.com,22
229,TINA,BUTLER,tbutler6c@prweb.com,21
230,ERNEST,MILLER,emiller6d@sourceforge.net,26
231,RUSSELL,REYES,rreyes6e@shareasale.com,23
232,BONNIE,DIAZ,bdiaz6f@europa.eu,27
233,KATHY,BROOKS,kbrooks6g@fotki.com,20
234,PHYLLIS,ADAMS,padams6h@zdnet.com,24
235,HARRY,FLORES,hflores6i@timesonline.co.uk,20
236,ALICE,HUDSON,ahudson6j@sciencedaily.com,24
237,LOIS,BARNES,lbarnes6k@google.nl,21
238,JASON,WARD,jward6l@xinhuanet.com,25
239,JANICE,HANSON,jhanson6m@parallels.com,27
240,JUDITH,EDWARDS,jedwards6n@t.co,28
241,JENNIFER,TURNER,jturner6o@army.mil,28
242,DANIEL,HAMILTON,dhamilton6p@dagondesign.com,23
243,DENISE,ORTIZ,dortiz6q@fastcompany.com,25
244,KEVIN,REYNOLDS,kreynolds6r@forbes.com,27
245,JUDY,MONTGOMERY,jmontgomery6s@narod.ru,24
246,RANDY,WALKER,rwalker6t@angelfire.com,29
247,JEREMY,COLE,jcole6u@eventbrite.com,22
248,DORIS,SHAW,dshaw6v@twitpic.com,23
249,BRIAN,FULLER,bfuller6w@amazonaws.com,29
250,JOSE,WELLS,jwells6x@reddit.com,25
251,MARILYN,KNIGHT,mknight6y@cam.ac.uk,20
252,JASON,RAY,jray6z@seesaa.net,22
253,TERRY,WARREN,twarren70@nsw.gov.au,30
254,MARILYN,GORDON,mgordon71@disqus.com,28
255,JENNIFER,REED,jreed72@storify.com,27
256,ROSE,WHITE,rwhite73@nature.com,20
257,JOE,BAILEY,jbailey74@answers.com,24
258,STEVE,MEYER,smeyer75@yelp.com,29
259,ANNE,FREEMAN,afreeman76@cloudflare.com,23
260,EVELYN,EDWARDS,eedwards77@imdb.com,21
261,AMANDA,BLACK,ablack78@posterous.com,26
262,CLARENCE,PALMER,cpalmer79@google.cn,28
263,ROSE,GARZA,rgarza7a@alibaba.com,26
264,HAROLD,GRAY,hgray7b@thetimes.co.uk,22
265,BRIAN,WELCH,bwelch7c@engadget.com,24
266,ROBERT,FORD,rford7d@prweb.com,30
267,LAWRENCE,WILSON,lwilson7e@umn.edu,21
268,JEFFREY,MURRAY,jmurray7f@hibu.com,25
269,JEAN,HARRIS,jharris7g@oracle.com,30
270,DEBRA,FOSTER,dfoster7h@studiopress.com,22
271,GLORIA,RYAN,gryan7i@twitter.com,21
272,JIMMY,REYNOLDS,jreynolds7j@boston.com,20
273,KEVIN,BLACK,kblack7k@gmpg.org,29
274,TERRY,FOWLER,tfowler7l@sphinn.com,25
275,GERALD,JORDAN,gjordan7m@reuters.com,30
276,SHAWN,ALEXANDER,salexander7n@joomla.org,27
277,MICHAEL,CUNNINGHAM,mcunningham7o@statcounter.com,27
278,CAROLYN,FORD,cford7p@google.co.uk,27
279,ERIC,GUTIERREZ,egutierrez7q@smh.com.au,30
280,DIANA,HARPER,dharper7r@toplist.cz,26
281,DANIEL,KENNEDY,dkennedy7s@auda.org.au,27
282,JEREMY,FERNANDEZ,jfernandez7t@mlb.com,23
283,CHRIS,MURRAY,cmurray7u@scientificamerican.com,29
284,PATRICK,SCOTT,pscott7v@tamu.edu,26
285,SAMUEL,RICHARDS,srichards7w@flavors.me,25
286,ROY,GARZA,rgarza7x@goo.ne.jp,28
287,PATRICIA,WALLACE,pwallace7y@amazon.co.jp,29
288,JESSE,PIERCE,jpierce7z@amazon.co.uk,24
289,MARIE,WILLIS,mwillis80@abc.net.au,23
290,JOE,LYNCH,jlynch81@hibu.com,29
291,ASHLEY,SNYDER,asnyder82@illinois.edu,30
292,CRAIG,WRIGHT,cwright83@php.net,29
293,LOUIS,CASTILLO,lcastillo84@mail.ru,29
294,ARTHUR,YOUNG,ayoung85@boston.com,30
295,LINDA,GREENE,lgreene86@wp.com,24
296,ERNEST,WAGNER,ewagner87@nytimes.com,20
297,DAVID,RIVERA,drivera88@yellowpages.com,24
298,JOHN,CARPENTER,jcarpenter89@mediafire.com,22
299,ANNA,FOSTER,afoster8a@ucoz.ru,20
300,CARLOS,SULLIVAN,csullivan8b@sohu.com,27
301,LARRY,JOHNSON,ljohnson8c@123-reg.co.uk,25
302,WILLIE,SANDERS,wsanders8d@fc2.com,29
303,JOSEPH,RODRIGUEZ,jrodriguez8e@si.edu,25
304,STEVE,DAVIS,sdavis8f@phoca.cz,22
305,JACQUELINE,HENDERSON,jhenderson8g@examiner.com,22
306,JEFFREY,KIM,jkim8h@java.com,22
307,JANE,OLIVER,joliver8i@bizjournals.com,24
308,MARK,MOORE,mmoore8j@forbes.com,25
309,AMANDA,MATTHEWS,amatthews8k@apache.org,20
310,RUSSELL,GOMEZ,rgomez8l@home.pl,21
311,HOWARD,TURNER,hturner8m@twitter.com,21
312,MARTIN,MCDONALD,mmcdonald8n@phoca.cz,29
313,ANGELA,DIXON,adixon8o@technorati.com,26
314,GREGORY,LEWIS,glewis8p@wix.com,26
315,BEVERLY,PAYNE,bpayne8q@admin.ch,21
316,KAREN,GREEN,kgreen8r@posterous.com,30
317,HAROLD,WILLIS,hwillis8s@zimbio.com,23
318,DENISE,HERNANDEZ,dhernandez8t@hud.gov,24
319,ANDREA,WATKINS,awatkins8u@java.com,30
320,ROGER,WARREN,rwarren8v@yale.edu,25
321,KATHERINE,HARRIS,kharris8w@360.cn,29
322,TINA,HUNTER,thunter8x@purevolume.com,22
323,DAVID,FOX,dfox8y@mayoclinic.com,25
324,BRIAN,WAGNER,bwagner8z@forbes.com,24
325,THERESA,HARVEY,tharvey90@edublogs.org,25
326,PAUL,MASON,pmason91@chron.com,29
327,LAURA,GOMEZ,lgomez92@nature.com,24
328,BOBBY,AUSTIN,baustin93@squidoo.com,29
329,BRIAN,WEAVER,bweaver94@nytimes.com,22
330,SAMUEL,LONG,slong95@comsenz.com,21
331,KATHY,KING,kking96@stumbleupon.com,29
332,CHRISTINA,CHAVEZ,cchavez97@wikispaces.com,27
333,KATHLEEN,RILEY,kriley98@time.com,21
334,BARBARA,HANSON,bhanson99@comcast.net,24
335,WANDA,PETERS,wpeters9a@addtoany.com,29
336,WILLIAM,ROSE,wrose9b@opera.com,28
337,DONNA,DAY,dday9c@bigcartel.com,29
338,MARILYN,JONES,mjones9d@reference.com,21
339,ANTONIO,GARDNER,agardner9e@newyorker.com,22
340,KATHLEEN,STONE,kstone9f@goo.ne.jp,25
341,JOHN,GORDON,jgordon9g@symantec.com,25
342,AARON,LAWRENCE,alawrence9h@arstechnica.com,27
343,BRIAN,RUSSELL,brussell9i@opensource.org,22
344,ALICE,POWELL,apowell9j@accuweather.com,25
345,LILLIAN,ROGERS,lrogers9k@sitemeter.com,21
346,BETTY,ALEXANDER,balexander9l@bloomberg.com,25
347,ELIZABETH,DEAN,edean9m@youtube.com,20
348,JOHNNY,WALLACE,jwallace9n@si.edu,28
349,JOYCE,BURNS,jburns9o@flavors.me,24
350,MARGARET,OLIVER,moliver9p@vistaprint.com,27
351,LORI,WRIGHT,lwright9q@devhub.com,28
352,JIMMY,SIMMONS,jsimmons9r@epa.gov,20
353,KEITH,MASON,kmason9s@nih.gov,30
354,GREGORY,PEREZ,gperez9t@biglobe.ne.jp,23
355,MATTHEW,GRANT,mgrant9u@sfgate.com,21
356,ANN,GARZA,agarza9v@latimes.com,28
357,DENNIS,HALL,dhall9w@google.com,21
358,JUDITH,HUDSON,jhudson9x@cpanel.net,27
359,JEFFREY,BENNETT,jbennett9y@scribd.com,28
360,EVELYN,STANLEY,estanley9z@vinaora.com,23
361,WILLIE,YOUNG,wyounga0@columbia.edu,23
362,CARL,CARROLL,ccarrolla1@nasa.gov,20
363,JUDY,WEBB,jwebba2@blogtalkradio.com,26
364,HELEN,HOWELL,hhowella3@deviantart.com,26
365,KEITH,GRAHAM,kgrahama4@wired.com,22
366,EVELYN,JENKINS,ejenkinsa5@addthis.com,24
367,RUBY,HOLMES,rholmesa6@cnn.com,25
368,MICHELLE,GOMEZ,mgomeza7@cnet.com,26
369,JAMES,HARRISON,jharrisona8@de.vu,24
370,JULIA,HAMILTON,jhamiltona9@utexas.edu,20
371,JOE,SMITH,jsmithaa@tripod.com,24
372,SHAWN,REYES,sreyesab@yandex.ru,24
373,ANNA,LEE,aleeac@omniture.com,29
374,TERRY,FERNANDEZ,tfernandezad@rediff.com,26
375,ADAM,STEVENS,astevensae@prweb.com,23
376,CAROL,HANSEN,chansenaf@so-net.ne.jp,22
377,ANTHONY,GRANT,agrantag@qq.com,21
378,JUDITH,WILLIAMSON,jwilliamsonah@pbs.org,23
379,TODD,GREEN,tgreenai@nsw.gov.au,22
380,EUGENE,GONZALES,egonzalesaj@jiathis.com,28
381,ELIZABETH,GIBSON,egibsonak@shop-pro.jp,27
382,KELLY,HOWARD,khowardal@shutterfly.com,28
383,LOUIS,HARRISON,lharrisonam@samsung.com,26
384,MICHAEL,FORD,mfordan@princeton.edu,23
385,RYAN,MORALES,rmoralesao@sphinn.com,23
386,SHIRLEY,BANKS,sbanksap@paypal.com,21
387,LILLIAN,CUNNINGHAM,lcunninghamaq@alexa.com,28
388,DAVID,JOHNSTON,djohnstonar@marriott.com,20
389,JENNIFER,PALMER,jpalmeras@cyberchimps.com,24
390,ERNEST,MITCHELL,emitchellat@aboutads.info,30
391,SAMUEL,RAMOS,sramosau@bloglovin.com,22
392,LARRY,GRIFFIN,lgriffinav@wordpress.org,29
393,DEBRA,GREENE,dgreeneaw@pinterest.com,25
394,MARTIN,BROWN,mbrownax@tinyurl.com,26
395,ANTONIO,TURNER,aturneray@addthis.com,30
396,BEVERLY,RUSSELL,brussellaz@nyu.edu,30
397,IRENE,BELL,ibellb0@bing.com,29
398,BILLY,MYERS,bmyersb1@plala.or.jp,28
399,ROY,JACOBS,rjacobsb2@engadget.com,23
400,LOUIS,ALVAREZ,lalvarezb3@mapy.cz,20
401,LOUISE,RUSSELL,lrussellb4@ameblo.jp,20
402,JANE,SNYDER,jsnyderb5@clickbank.net,23
403,KATHERINE,ANDREWS,kandrewsb6@fotki.com,21
404,KENNETH,JOHNSON,kjohnsonb7@gizmodo.com,27
405,BRIAN,ANDERSON,bandersonb8@ameblo.jp,26
406,ERNEST,WILLIAMSON,ewilliamsonb9@facebook.com,28
407,JUSTIN,FREEMAN,jfreemanba@vinaora.com,27
408,ALBERT,KIM,akimbb@quantcast.com,26
409,KEVIN,WEBB,kwebbbc@is.gd,20
410,WILLIE,WASHINGTON,wwashingtonbd@wp.com,25
411,KAREN,BERRY,kberrybe@amazon.com,26
412,DONALD,GONZALEZ,dgonzalezbf@123-reg.co.uk,27
413,CYNTHIA,PEREZ,cperezbg@gravatar.com,23
414,ROGER,PORTER,rporterbh@apache.org,23
415,KATHLEEN,STEVENS,kstevensbi@google.fr,27
416,TERESA,FERGUSON,tfergusonbj@technorati.com,20
417,ANNIE,WHEELER,awheelerbk@mozilla.com,28
418,JUSTIN,GONZALEZ,jgonzalezbl@amazon.com,25
419,NORMA,CLARK,nclarkbm@go.com,28
420,BOBBY,ELLIOTT,belliottbn@tamu.edu,22
421,PATRICIA,PARKER,pparkerbo@upenn.edu,23
422,JONATHAN,COOPER,jcooperbp@nba.com,20
423,MARTHA,OLSON,molsonbq@webs.com,26
424,RUTH,HOWELL,rhowellbr@tamu.edu,30
425,AMY,MCDONALD,amcdonaldbs@hhs.gov,29
426,GEORGE,SMITH,gsmithbt@google.co.jp,21
427,PHILLIP,PRICE,ppricebu@jiathis.com,28
428,STEVEN,STEWART,sstewartbv@scientificamerican.com,24
429,MARILYN,HAMILTON,mhamiltonbw@bing.com,29
430,BONNIE,THOMPSON,bthompsonbx@github.com,23
431,NORMA,MCCOY,nmccoyby@tripod.com,23
432,EDWARD,ALVAREZ,ealvarezbz@wunderground.com,22
433,BRENDA,JOHNSTON,bjohnstonc0@ftc.gov,23
434,MARIA,GIBSON,mgibsonc1@latimes.com,24
435,ALBERT,PIERCE,apiercec2@vimeo.com,24
436,ALAN,RAMOS,aramosc3@blinklist.com,22
437,JOSHUA,BLACK,jblackc4@bloomberg.com,23
438,NORMA,GOMEZ,ngomezc5@scribd.com,28
439,RUTH,MORGAN,rmorganc6@home.pl,30
440,ALICE,PETERSON,apetersonc7@hp.com,28
441,WANDA,EDWARDS,wedwardsc8@blog.com,29
442,CARL,BRADLEY,cbradleyc9@howstuffworks.com,21
443,TAMMY,HANSEN,thansenca@paypal.com,24
444,JIMMY,GOMEZ,jgomezcb@discuz.net,23
445,JOSE,ROBERTSON,jrobertsoncc@spotify.com,22
446,ROY,DAVIS,rdaviscd@jiathis.com,29
447,STEVEN,STANLEY,sstanleyce@csmonitor.com,28
448,DENISE,MCDONALD,dmcdonaldcf@geocities.jp,26
449,WILLIE,SMITH,wsmithcg@apache.org,20
450,CLARENCE,PALMER,cpalmerch@alibaba.com,29
451,CHARLES,REYES,creyesci@nationalgeographic.com,23
452,ANDREW,THOMAS,athomascj@fotki.com,27
453,MARTIN,STEVENS,mstevensck@cnet.com,20
454,BRUCE,STEWART,bstewartcl@tinyurl.com,26
455,TERESA,PERRY,tperrycm@lycos.com,20
456,JUDITH,MCCOY,jmccoycn@fda.gov,22
457,PHYLLIS,EDWARDS,pedwardsco@walmart.com,26
458,DONNA,WALKER,dwalkercp@nhs.uk,25
459,DORIS,CARPENTER,dcarpentercq@guardian.co.uk,24
460,ANDREW,RILEY,arileycr@ebay.co.uk,27
461,STEVE,NELSON,snelsoncs@e-recht24.de,25
462,WANDA,CARROLL,wcarrollct@soup.io,27
463,DANIEL,RIVERA,driveracu@bing.com,24
464,STEPHEN,MYERS,smyerscv@i2i.jp,21
465,ANTONIO,JORDAN,ajordancw@miibeian.gov.cn,24
466,PHYLLIS,LEE,pleecx@ustream.tv,23
467,SUSAN,MENDOZA,smendozacy@shutterfly.com,29
468,REBECCA,REYNOLDS,rreynoldscz@sciencedirect.com,21
469,ANN,COLEMAN,acolemand0@taobao.com,27
470,STEVE,CHAVEZ,schavezd1@latimes.com,27
471,HOWARD,PERRY,hperryd2@cdbaby.com,22
472,DENNIS,WALKER,dwalkerd3@cdc.gov,27
473,DEBRA,ROBERTS,drobertsd4@printfriendly.com,23
474,KIMBERLY,ROBERTS,krobertsd5@cbc.ca,30
475,JUAN,RAY,jrayd6@elpais.com,21
476,JEREMY,PALMER,jpalmerd7@about.com,28
477,PATRICIA,CUNNINGHAM,pcunninghamd8@joomla.org,23
478,MARY,ARNOLD,marnoldd9@fema.gov,25
479,THERESA,HARPER,tharperda@unblog.fr,21
480,HAROLD,GARZA,hgarzadb@goo.ne.jp,22
481,RANDY,GONZALEZ,rgonzalezdc@trellian.com,24
482,JANICE,KNIGHT,jknightdd@1und1.de,28
483,HARRY,SIMS,hsimsde@tuttocitta.it,22
484,CATHERINE,HARRISON,charrisondf@naver.com,27
485,FRED,WATKINS,fwatkinsdg@nifty.com,21
486,HAROLD,ROSS,hrossdh@hhs.gov,20
487,AMANDA,HUNT,ahuntdi@vk.com,22
488,SARAH,MARTINEZ,smartinezdj@behance.net,24
489,CHRIS,PORTER,cporterdk@cafepress.com,23
490,THOMAS,ELLIS,tellisdl@nba.com,30
491,TAMMY,SCHMIDT,tschmidtdm@xinhuanet.com,28
492,JOAN,RAY,jraydn@irs.gov,20
493,JOHNNY,PEREZ,jperezdo@yahoo.co.jp,22
494,PATRICIA,COOK,pcookdp@google.com.br,21
495,JOHN,PAYNE,jpaynedq@rediff.com,27
496,DAVID,MORGAN,dmorgandr@google.pl,22
497,CRAIG,WEAVER,cweaverds@wikipedia.org,22
498,MARK,GONZALEZ,mgonzalezdt@senate.gov,24
499,LISA,DUNN,ldunndu@walmart.com,25
500,DONALD,ARNOLD,darnolddv@tinypic.com,24
501,DENISE,NELSON,dnelsondw@desdev.cn,26
502,RANDY,WILLIS,rwillisdx@topsy.com,21
503,PATRICIA,BROWN,pbrowndy@wikispaces.com,20
504,ADAM,CUNNINGHAM,acunninghamdz@sitemeter.com,26
505,ALBERT,CHAVEZ,achaveze0@jiathis.com,23
506,MELISSA,BAKER,mbakere1@dion.ne.jp,21
507,TERRY,FLORES,tflorese2@rambler.ru,24
508,LILLIAN,HUNTER,lhuntere3@salon.com,30
509,JASON,POWELL,jpowelle4@ft.com,25
510,ANNIE,SCOTT,ascotte5@earthlink.net,24
511,BARBARA,WHITE,bwhitee6@constantcontact.com,26
512,EARL,HILL,ehille7@zdnet.com,23
513,DONALD,HERNANDEZ,dhernandeze8@eepurl.com,26
514,STEPHANIE,MORRISON,smorrisone9@china.com.cn,22
515,WILLIAM,RAY,wrayea@biblegateway.com,20
516,KEVIN,CRUZ,kcruzeb@g.co,23
517,CYNTHIA,GREEN,cgreenec@cdc.gov,24
518,HEATHER,REID,hreided@uiuc.edu,26
519,REBECCA,SNYDER,rsnyderee@techcrunch.com,23
520,JUDITH,LANE,jlaneef@army.mil,26
521,EUGENE,GARDNER,egardnereg@google.de,26
522,CHRISTOPHER,SMITH,csmitheh@gnu.org,25
523,DEBRA,SCHMIDT,dschmidtei@deliciousdays.com,23
524,RUBY,ARMSTRONG,rarmstrongej@jigsy.com,29
525,CHRISTINE,MURRAY,cmurrayek@princeton.edu,25
526,CARL,WHEELER,cwheelerel@g.co,24
527,PHILIP,TUCKER,ptuckerem@dell.com,27
528,ANDREW,CRUZ,acruzen@harvard.edu,28
529,JUDITH,NGUYEN,jnguyeneo@usnews.com,28
530,BEVERLY,BROWN,bbrownep@sciencedirect.com,24
531,RUBY,REYNOLDS,rreynoldseq@facebook.com,23
532,MARTIN,SHAW,mshawer@squarespace.com,30
533,LOUIS,JACOBS,ljacobses@bandcamp.com,26
534,ROY,HUNTER,rhunteret@cdbaby.com,20
535,DOROTHY,ADAMS,dadamseu@mail.ru,23
536,LOUISE,GRIFFIN,lgriffinev@istockphoto.com,30
537,SARAH,BURKE,sburkeew@hud.gov,23
538,NICOLE,CRAWFORD,ncrawfordex@blogs.com,22
539,DIANE,MORENO,dmorenoey@blogtalkradio.com,24
540,CLARENCE,ALEXANDER,calexanderez@skype.com,22
541,MARIE,GONZALES,mgonzalesf0@reference.com,22
542,CATHERINE,CAMPBELL,ccampbellf1@stanford.edu,20
543,ERNEST,JONES,ejonesf2@comcast.net,28
544,JIMMY,TUCKER,jtuckerf3@weebly.com,22
545,MELISSA,ROBERTSON,mrobertsonf4@chicagotribune.com,22
546,KATHLEEN,WILLIS,kwillisf5@etsy.com,24
547,CAROLYN,MEDINA,cmedinaf6@i2i.jp,22
548,LILLIAN,JAMES,ljamesf7@cocolog-nifty.com,21
549,ANGELA,PAYNE,apaynef8@macromedia.com,29
550,CHRISTINA,EVANS,cevansf9@drupal.org,22
551,ALICE,STANLEY,astanleyfa@icio.us,25
552,EUGENE,FLORES,efloresfb@rambler.ru,30
553,CATHERINE,ALVAREZ,calvarezfc@qq.com,21
554,JONATHAN,ARNOLD,jarnoldfd@rambler.ru,25
555,NANCY,BOYD,nboydfe@g.co,20
556,KATHY,SANDERS,ksandersff@moonfruit.com,27
557,JACQUELINE,POWELL,jpowellfg@github.io,27
558,JULIE,MURRAY,jmurrayfh@cafepress.com,21
559,JOSE,HARVEY,jharveyfi@zimbio.com,26
560,PATRICK,REED,preedfj@mit.edu,21
561,LILLIAN,FLORES,lfloresfk@goodreads.com,22
562,CATHERINE,REYES,creyesfl@google.co.jp,20
563,KELLY,CARROLL,kcarrollfm@hatena.ne.jp,22
564,KATHERINE,LYNCH,klynchfn@histats.com,29
565,MILDRED,MITCHELL,mmitchellfo@sitemeter.com,26
566,JACQUELINE,VASQUEZ,jvasquezfp@mysql.com,28
567,ANGELA,REID,areidfq@pagesperso-orange.fr,27
568,ASHLEY,HUDSON,ahudsonfr@statcounter.com,23
569,DONNA,COLEMAN,dcolemanfs@wikispaces.com,24
570,ALBERT,HUDSON,ahudsonft@washington.edu,20
571,PAMELA,GRANT,pgrantfu@nyu.edu,27
572,REBECCA,THOMAS,rthomasfv@telegraph.co.uk,24
573,CATHERINE,CUNNINGHAM,ccunninghamfw@weebly.com,27
574,CLARENCE,GORDON,cgordonfx@businesswire.com,29
575,JERRY,CARPENTER,jcarpenterfy@examiner.com,29
576,JEAN,FIELDS,jfieldsfz@canalblog.com,20
577,JOAN,RAY,jrayg0@upenn.edu,26
578,JUAN,MEDINA,jmedinag1@google.fr,30
579,SARAH,BLACK,sblackg2@ebay.com,21
580,GREGORY,KELLEY,gkelleyg3@php.net,29
581,SARAH,RAMIREZ,sramirezg4@prlog.org,20
582,HENRY,BURNS,hburnsg5@amazonaws.com,22
583,MARY,MOORE,mmooreg6@hostgator.com,30
584,CYNTHIA,VASQUEZ,cvasquezg7@msu.edu,29
585,JOSE,MORRISON,jmorrisong8@dion.ne.jp,22
586,KATHRYN,THOMAS,kthomasg9@upenn.edu,29
587,DOUGLAS,HAYES,dhayesga@blogger.com,28
588,VIRGINIA,CHAVEZ,vchavezgb@samsung.com,26
589,ANTONIO,PERRY,aperrygc@simplemachines.org,20
590,ANGELA,WARREN,awarrengd@wiley.com,22
591,KATHRYN,MCCOY,kmccoyge@disqus.com,23
592,GERALD,PAYNE,gpaynegf@dropbox.com,29
593,GERALD,KELLEY,gkelleygg@taobao.com,30
594,VIRGINIA,BURKE,vburkegh@hud.gov,30
595,JUAN,WAGNER,jwagnergi@usnews.com,24
596,DAVID,WAGNER,dwagnergj@aboutads.info,21
597,CARLOS,JACOBS,cjacobsgk@etsy.com,27
598,ERNEST,ROSS,erossgl@simplemachines.org,26
599,BEVERLY,STEPHENS,bstephensgm@clickbank.net,25
600,BENJAMIN,HANSON,bhansongn@cam.ac.uk,28
601,JESSE,HARPER,jharpergo@altervista.org,20
602,WILLIAM,ROBINSON,wrobinsongp@360.cn,30
603,STEVEN,BURNS,sburnsgq@harvard.edu,24
604,CHARLES,WEST,cwestgr@google.com.br,21
605,CHRISTINE,LANE,clanegs@craigslist.org,26
606,JAMES,KNIGHT,jknightgt@mozilla.com,21
607,CAROLYN,RICHARDS,crichardsgu@dion.ne.jp,20
608,WAYNE,STANLEY,wstanleygv@thetimes.co.uk,27
609,RANDY,FULLER,rfullergw@blogtalkradio.com,30
610,MATTHEW,STEPHENS,mstephensgx@indiatimes.com,20
611,ADAM,ROGERS,arogersgy@thetimes.co.uk,28
612,JULIA,COLE,jcolegz@about.me,20
613,JESSE,LARSON,jlarsonh0@rambler.ru,27
614,SANDRA,HUGHES,shughesh1@mtv.com,27
615,MICHAEL,WARREN,mwarrenh2@mayoclinic.com,24
616,ANN,DAY,adayh3@wikimedia.org,29
617,GLORIA,MORGAN,gmorganh4@t.co,22
618,CARLOS,MASON,cmasonh5@sitemeter.com,22
619,BARBARA,DAVIS,bdavish6@vkontakte.ru,26
620,WILLIE,JENKINS,wjenkinsh7@blogger.com,22
621,RYAN,TUCKER,rtuckerh8@tripadvisor.com,20
622,JUAN,RILEY,jrileyh9@example.com,29
623,AARON,ROMERO,aromeroha@photobucket.com,29
624,JANET,BAKER,jbakerhb@digg.com,26
625,RUBY,MCCOY,rmccoyhc@cbslocal.com,20
626,JANET,CRAWFORD,jcrawfordhd@myspace.com,22
627,FRED,WARD,fwardhe@ox.ac.uk,22
628,THERESA,POWELL,tpowellhf@quantcast.com,25
629,ADAM,SANDERS,asandershg@columbia.edu,30
630,VICTOR,JAMES,vjameshh@tuttocitta.it,27
631,JUSTIN,SIMS,jsimshi@ucoz.com,26
632,STEVE,GARRETT,sgarretthj@patch.com,27
633,WILLIAM,ROSS,wrosshk@exblog.jp,24
634,FRANK,HAWKINS,fhawkinshl@jimdo.com,24
635,SCOTT,MYERS,smyershm@pagesperso-orange.fr,27
636,DENISE,WHEELER,dwheelerhn@comsenz.com,25
637,BRENDA,REED,breedho@istockphoto.com,24
638,LORI,COLLINS,lcollinshp@typepad.com,22
639,RANDY,CRAWFORD,rcrawfordhq@deviantart.com,22
640,SEAN,NICHOLS,snicholshr@mac.com,28
641,ALICE,MCCOY,amccoyhs@bbb.org,24
642,CAROL,LONG,clonght@cornell.edu,25
643,RUBY,BURTON,rburtonhu@ameblo.jp,28
644,WANDA,CARTER,wcarterhv@nydailynews.com,29
645,EMILY,FORD,efordhw@umich.edu,28
646,BRANDON,GRANT,bgranthx@example.com,24
647,TODD,GONZALEZ,tgonzalezhy@virginia.edu,25
648,CARL,NELSON,cnelsonhz@so-net.ne.jp,28
649,BRUCE,BROWN,bbrowni0@vinaora.com,28
650,JEAN,MORGAN,jmorgani1@census.gov,30
651,MATTHEW,KNIGHT,mknighti2@dropbox.com,24
652,EUGENE,ORTIZ,eortizi3@list-manage.com,29
653,KATHLEEN,WRIGHT,kwrighti4@mail.ru,23
654,LOUISE,HAWKINS,lhawkinsi5@fastcompany.com,22
655,SANDRA,HOLMES,sholmesi6@etsy.com,21
656,LOUIS,ARMSTRONG,larmstrongi7@miitbeian.gov.cn,25
657,RUSSELL,JACKSON,rjacksoni8@cisco.com,22
658,JAMES,FRAZIER,jfrazieri9@last.fm,29
659,FRANCES,HOWARD,fhowardia@opera.com,30
660,DENISE,HANSEN,dhansenib@fotki.com,24
661,JOHN,MURRAY,jmurrayic@soundcloud.com,25
662,DIANA,SANCHEZ,dsanchezid@soundcloud.com,25
663,MARGARET,ARNOLD,marnoldie@uol.com.br,28
664,JULIA,ARMSTRONG,jarmstrongif@java.com,24
665,THOMAS,JOHNSTON,tjohnstonig@ezinearticles.com,23
666,CHRIS,ARMSTRONG,carmstrongih@cocolog-nifty.com,28
667,AMANDA,ANDREWS,aandrewsii@exblog.jp,26
668,HARRY,MARTIN,hmartinij@arstechnica.com,23
669,TINA,GARRETT,tgarrettik@networksolutions.com,30
670,DIANE,MURPHY,dmurphyil@homestead.com,21
671,ANNA,DEAN,adeanim@ox.ac.uk,28
672,JOSE,BISHOP,jbishopin@bandcamp.com,24
673,PHYLLIS,GRAY,pgrayio@facebook.com,25
674,PAUL,GARCIA,pgarciaip@ifeng.com,26
675,DIANE,MORRIS,dmorrisiq@bigcartel.com,26
676,KIMBERLY,BARNES,kbarnesir@newsvine.com,23
677,ADAM,BROOKS,abrooksis@loc.gov,26
678,PHILIP,HALL,phallit@bbb.org,23
679,JOHNNY,MILLS,jmillsiu@friendfeed.com,23
680,STEPHANIE,HARRISON,sharrisoniv@nasa.gov,22
681,GREGORY,FOX,gfoxiw@whitehouse.gov,21
682,KATHERINE,MITCHELL,kmitchellix@friendfeed.com,25
683,FRANCES,FERGUSON,ffergusoniy@wsj.com,28
684,PATRICIA,CLARK,pclarkiz@artisteer.com,29
685,DOUGLAS,LEE,dleej0@marriott.com,24
686,MARTHA,HUNT,mhuntj1@cornell.edu,20
687,BRIAN,COLLINS,bcollinsj2@woothemes.com,29
688,GARY,PALMER,gpalmerj3@java.com,29
689,EVELYN,FULLER,efullerj4@geocities.jp,26
690,PATRICIA,MENDOZA,pmendozaj5@a8.net,29
691,RYAN,KNIGHT,rknightj6@umn.edu,28
692,JUSTIN,GEORGE,jgeorgej7@netlog.com,26
693,NICHOLAS,DIXON,ndixonj8@github.io,25
694,ALICE,HART,ahartj9@vk.com,22
695,MICHAEL,REID,mreidja@nba.com,20
696,ROGER,WALLACE,rwallacejb@tiny.cc,24
697,PATRICK,PATTERSON,ppattersonjc@rediff.com,26
698,TAMMY,ELLIS,tellisjd@illinois.edu,22
699,JACK,LONG,jlongje@cmu.edu,23
700,CHRIS,HARRIS,charrisjf@hugedomains.com,21
701,MARGARET,ROSS,mrossjg@plala.or.jp,27
702,MILDRED,FRANKLIN,mfranklinjh@google.com,26
703,EUGENE,TUCKER,etuckerji@behance.net,23
704,DAVID,HERNANDEZ,dhernandezjj@uol.com.br,22
705,NICHOLAS,MYERS,nmyersjk@so-net.ne.jp,24
706,SHAWN,GOMEZ,sgomezjl@hubpages.com,22
707,PAULA,NELSON,pnelsonjm@theglobeandmail.com,26
708,RAYMOND,GORDON,rgordonjn@tumblr.com,25
709,SEAN,SIMMONS,ssimmonsjo@squarespace.com,22
710,CHRISTINA,MORRIS,cmorrisjp@so-net.ne.jp,20
711,CARLOS,TURNER,cturnerjq@amazon.com,24
712,JUDY,SCOTT,jscottjr@toplist.cz,24
713,LOUISE,TUCKER,ltuckerjs@ow.ly,29
714,BILLY,HENRY,bhenryjt@exblog.jp,21
715,WILLIE,TUCKER,wtuckerju@bbc.co.uk,25
716,NORMA,GRAY,ngrayjv@yellowpages.com,26
717,DEBRA,PHILLIPS,dphillipsjw@alexa.com,20
718,RACHEL,CARTER,rcarterjx@oracle.com,22
719,KATHRYN,ARNOLD,karnoldjy@seattletimes.com,25
720,WILLIE,CARPENTER,wcarpenterjz@soundcloud.com,26
721,TINA,DANIELS,tdanielsk0@g.co,21
722,PAULA,JAMES,pjamesk1@google.ru,20
723,CHRISTINA,SCOTT,cscottk2@reddit.com,26
724,NICOLE,FISHER,nfisherk3@skyrock.com,23
725,MARY,WASHINGTON,mwashingtonk4@unesco.org,26
726,MARK,FRAZIER,mfrazierk5@macromedia.com,27
727,BARBARA,NGUYEN,bnguyenk6@flickr.com,25
728,FRANCES,GARZA,fgarzak7@meetup.com,24
729,CHERYL,GORDON,cgordonk8@issuu.com,25
730,JOHNNY,ROSE,jrosek9@fda.gov,29
731,ALAN,FERNANDEZ,afernandezka@amazon.com,29
732,EVELYN,HOWELL,ehowellkb@nih.gov,29
733,GEORGE,STEPHENS,gstephenskc@networksolutions.com,29
734,PHILIP,DAVIS,pdaviskd@soup.io,30
735,ERNEST,REED,ereedke@army.mil,27
736,CHRIS,RICHARDSON,crichardsonkf@mysql.com,26
737,WANDA,PERKINS,wperkinskg@cbsnews.com,20
738,ANDREW,ALVAREZ,aalvarezkh@altervista.org,23
739,BOBBY,MATTHEWS,bmatthewski@mlb.com,24
740,SAMUEL,THOMPSON,sthompsonkj@gizmodo.com,22
741,DIANE,PEREZ,dperezkk@ucsd.edu,22
742,PHILLIP,WILLIAMSON,pwilliamsonkl@washington.edu,21
743,DENISE,GARDNER,dgardnerkm@devhub.com,30
744,BETTY,GRIFFIN,bgriffinkn@newsvine.com,27
745,BRENDA,CAMPBELL,bcampbellko@yellowpages.com,23
746,BOBBY,JORDAN,bjordankp@paypal.com,22
747,DAVID,MURPHY,dmurphykq@cisco.com,26
748,JACK,CRAWFORD,jcrawfordkr@dailymotion.com,22
749,RACHEL,AUSTIN,raustinks@examiner.com,24
750,LINDA,GRIFFIN,lgriffinkt@infoseek.co.jp,28
751,RYAN,SHAW,rshawku@epa.gov,25
752,HEATHER,PIERCE,hpiercekv@wordpress.com,30
753,LOIS,PHILLIPS,lphillipskw@sciencedirect.com,27
754,JOHN,BURTON,jburtonkx@baidu.com,24
755,NICHOLAS,THOMAS,nthomasky@xing.com,29
756,SCOTT,MURRAY,smurraykz@opera.com,21
757,TODD,GOMEZ,tgomezl0@prlog.org,23
758,STEVEN,ALVAREZ,salvarezl1@example.com,22
759,DOROTHY,JACOBS,djacobsl2@hhs.gov,23
760,ROGER,FOSTER,rfosterl3@stanford.edu,21
761,LAURA,MORRISON,lmorrisonl4@time.com,23
762,CAROLYN,HAMILTON,chamiltonl5@photobucket.com,26
763,KATHERINE,MILLS,kmillsl6@comcast.net,27
764,DANIEL,MOORE,dmoorel7@soundcloud.com,26
765,ANNE,WALLACE,awallacel8@home.pl,26
766,STEPHEN,WOODS,swoodsl9@360.cn,27
767,JOAN,FIELDS,jfieldsla@umich.edu,24
768,FRED,GRIFFIN,fgriffinlb@joomla.org,22
769,EARL,DUNN,edunnlc@dmoz.org,27
770,CARLOS,REID,creidld@phoca.cz,30
771,KIMBERLY,CLARK,kclarkle@booking.com,20
772,SAMUEL,JORDAN,sjordanlf@fastcompany.com,30
773,VICTOR,STEWART,vstewartlg@stumbleupon.com,20
774,DORIS,RILEY,drileylh@shutterfly.com,24
775,DONALD,CAMPBELL,dcampbellli@devhub.com,21
776,MARTIN,GREENE,mgreenelj@alexa.com,21
777,MARY,COOPER,mcooperlk@skyrock.com,27
778,WAYNE,HARVEY,wharveyll@cnn.com,23
779,DORIS,NELSON,dnelsonlm@xrea.com,29
780,RACHEL,PAYNE,rpayneln@cdc.gov,22
781,RACHEL,HOWARD,rhowardlo@list-manage.com,25
782,JOE,ROMERO,jromerolp@dell.com,24
783,EUGENE,WARREN,ewarrenlq@google.pl,23
784,IRENE,GARCIA,igarcialr@weibo.com,28
785,LOIS,ALVAREZ,lalvarezls@biglobe.ne.jp,24
786,LAURA,CARR,lcarrlt@prnewswire.com,29
787,KATHY,OWENS,kowenslu@51.la,26
788,LARRY,MCCOY,lmccoylv@examiner.com,30
789,DIANE,RAY,draylw@tinypic.com,20
790,LISA,JACKSON,ljacksonlx@salon.com,25
791,DIANA,HUDSON,dhudsonly@themeforest.net,24
792,LORI,MOORE,lmoorelz@purevolume.com,27
793,RUTH,HOWELL,rhowellm0@woothemes.com,23
794,ANNE,SULLIVAN,asullivanm1@odnoklassniki.ru,28
795,DANIEL,BLACK,dblackm2@squarespace.com,28
796,PAULA,MORRISON,pmorrisonm3@pcworld.com,23
797,JACK,SNYDER,jsnyderm4@prweb.com,27
798,JASON,FOWLER,jfowlerm5@canalblog.com,23
799,BILLY,HALL,bhallm6@ft.com,21
800,ANNE,WATSON,awatsonm7@ehow.com,25
801,GREGORY,BURKE,gburkem8@ihg.com,21
802,CLARENCE,HICKS,chicksm9@deviantart.com,24
803,MARIE,ROMERO,mromeroma@networksolutions.com,28
804,KAREN,JAMES,kjamesmb@wikipedia.org,24
805,WAYNE,PEREZ,wperezmc@wired.com,20
806,DEBORAH,HAWKINS,dhawkinsmd@tiny.cc,29
807,ERNEST,SMITH,esmithme@vistaprint.com,29
808,BRUCE,SANCHEZ,bsanchezmf@constantcontact.com,27
809,AMY,WILSON,awilsonmg@multiply.com,22
810,TERESA,JOHNSTON,tjohnstonmh@shinystat.com,26
811,ANNE,WHEELER,awheelermi@jimdo.com,27
812,IRENE,POWELL,ipowellmj@meetup.com,30
813,RUBY,HOWARD,rhowardmk@a8.net,27
814,ALAN,CHAPMAN,achapmanml@tinyurl.com,25
815,KATHRYN,BROOKS,kbrooksmm@sphinn.com,26
816,ANGELA,BURTON,aburtonmn@forbes.com,30
817,NICHOLAS,BUTLER,nbutlermo@people.com.cn,26
818,DEBRA,BROOKS,dbrooksmp@icq.com,28
819,SEAN,ADAMS,sadamsmq@simplemachines.org,29
820,THOMAS,POWELL,tpowellmr@mashable.com,29
821,DEBORAH,DIAZ,ddiazms@4shared.com,28
822,BARBARA,OWENS,bowensmt@prnewswire.com,20
823,DENNIS,ALLEN,dallenmu@pbs.org,21
824,RICHARD,PALMER,rpalmermv@edublogs.org,30
825,SAMUEL,HAYES,shayesmw@uiuc.edu,22
826,KENNETH,FORD,kfordmx@noaa.gov,21
827,SCOTT,EVANS,sevansmy@smh.com.au,29
828,JANE,SIMPSON,jsimpsonmz@statcounter.com,21
829,MARTHA,WRIGHT,mwrightn0@sciencedirect.com,30
830,MELISSA,COOPER,mcoopern1@csmonitor.com,20
831,ELIZABETH,LEWIS,elewisn2@house.gov,28
832,TODD,VASQUEZ,tvasquezn3@about.com,24
833,JULIE,CARPENTER,jcarpentern4@npr.org,26
834,TAMMY,GORDON,tgordonn5@umn.edu,22
835,TODD,BRADLEY,tbradleyn6@tumblr.com,28
836,JOE,ELLIS,jellisn7@java.com,30
837,KEITH,HAWKINS,khawkinsn8@123-reg.co.uk,29
838,TINA,JAMES,tjamesn9@spotify.com,24
839,LOIS,WOODS,lwoodsna@china.com.cn,27
840,JESSE,BOYD,jboydnb@hp.com,27
841,PHILIP,GUTIERREZ,pgutierreznc@webeden.co.uk,21
842,MATTHEW,CARTER,mcarternd@ft.com,24
843,RAYMOND,KELLEY,rkelleyne@sakura.ne.jp,30
844,WILLIAM,HANSEN,whansennf@hugedomains.com,22
845,JENNIFER,ROGERS,jrogersng@weather.com,26
846,EARL,ADAMS,eadamsnh@tumblr.com,24
847,STEVEN,BISHOP,sbishopni@wikipedia.org,24
848,HAROLD,PHILLIPS,hphillipsnj@un.org,28
849,SAMUEL,TORRES,storresnk@wsj.com,22
850,MELISSA,BURTON,mburtonnl@pagesperso-orange.fr,28
851,TERRY,LITTLE,tlittlenm@posterous.com,21
852,WILLIE,RILEY,wrileynn@nymag.com,25
853,MELISSA,WILSON,mwilsonno@nih.gov,25
854,SARAH,SCHMIDT,sschmidtnp@over-blog.com,23
855,WANDA,HENRY,whenrynq@vistaprint.com,25
856,ALICE,GONZALEZ,agonzaleznr@salon.com,23
857,KATHY,EDWARDS,kedwardsns@home.pl,24
858,CAROL,MARTIN,cmartinnt@ameblo.jp,22
859,JIMMY,JOHNSTON,jjohnstonnu@lycos.com,25
860,ASHLEY,WALLACE,awallacenv@sciencedirect.com,26
861,IRENE,MORALES,imoralesnw@oaic.gov.au,24
862,LARRY,HUGHES,lhughesnx@epa.gov,29
863,JOYCE,HENDERSON,jhendersonny@twitpic.com,21
864,CYNTHIA,MORRIS,cmorrisnz@clickbank.net,29
865,LARRY,HILL,lhillo0@gizmodo.com,24
866,WALTER,SULLIVAN,wsullivano1@indiatimes.com,20
867,MARTHA,ROMERO,mromeroo2@acquirethisname.com,23
868,JUAN,HUGHES,jhugheso3@ehow.com,30
869,NICHOLAS,PIERCE,npierceo4@symantec.com,22
870,ANTONIO,RIVERA,ariverao5@hostgator.com,27
871,JESSICA,NICHOLS,jnicholso6@gizmodo.com,26
872,JUAN,FERGUSON,jfergusono7@cloudflare.com,30
873,ASHLEY,MARTINEZ,amartinezo8@clickbank.net,30
874,LILLIAN,ALVAREZ,lalvarezo9@illinois.edu,29
875,KATHRYN,BELL,kbelloa@reference.com,25
876,KENNETH,RUIZ,kruizob@virginia.edu,29
877,IRENE,MILLER,imilleroc@alexa.com,27
878,ANNE,OLSON,aolsonod@examiner.com,29
879,DORIS,BRYANT,dbryantoe@illinois.edu,28
880,ERIC,PARKER,eparkerof@indiatimes.com,26
881,JESSE,WALLACE,jwallaceog@who.int,22
882,DANIEL,BLACK,dblackoh@ebay.co.uk,23
883,RALPH,OWENS,rowensoi@nbcnews.com,30
884,JOYCE,BOWMAN,jbowmanoj@va.gov,28
885,ROGER,WEBB,rwebbok@tinypic.com,30
886,HOWARD,WILSON,hwilsonol@flavors.me,25
887,HEATHER,HENRY,hhenryom@senate.gov,21
888,BETTY,GONZALEZ,bgonzalezon@springer.com,24
889,SHARON,MONTGOMERY,smontgomeryoo@taobao.com,20
890,KATHRYN,LOPEZ,klopezop@nifty.com,20
891,KENNETH,SANCHEZ,ksanchezoq@dyndns.org,21
892,JASON,JAMES,jjamesor@nbcnews.com,23
893,BRENDA,THOMPSON,bthompsonos@amazon.de,30
894,BENJAMIN,ADAMS,badamsot@netvibes.com,29
895,SCOTT,JENKINS,sjenkinsou@networksolutions.com,21
896,JOE,PIERCE,jpierceov@sphinn.com,28
897,BRANDON,STEVENS,bstevensow@stanford.edu,27
898,CHRISTINE,RODRIGUEZ,crodriguezox@xrea.com,26
899,DIANA,HERNANDEZ,dhernandezoy@gov.uk,30
900,HELEN,BLACK,hblackoz@weebly.com,26
901,RAYMOND,GREEN,rgreenp0@yolasite.com,22
902,DONALD,ROBERTSON,drobertsonp1@seattletimes.com,25
903,ALICE,GARCIA,agarciap2@usnews.com,29
904,JIMMY,PRICE,jpricep3@360.cn,28
905,BRANDON,MORENO,bmorenop4@reference.com,20
906,WILLIAM,STEVENS,wstevensp5@bizjournals.com,25
907,JEREMY,HARVEY,jharveyp6@java.com,23
908,CHRIS,HOLMES,cholmesp7@upenn.edu,23
909,DOUGLAS,LARSON,dlarsonp8@pcworld.com,22
910,JACK,REYES,jreyesp9@europa.eu,22
911,BONNIE,WELLS,bwellspa@storify.com,26
912,CHARLES,DIXON,cdixonpb@jugem.jp,28
913,PAULA,CARROLL,pcarrollpc@constantcontact.com,28
914,HAROLD,SNYDER,hsnyderpd@amazon.com,20
915,ROGER,RAMIREZ,rramirezpe@wordpress.org,24
916,TIMOTHY,DAVIS,tdavispf@t.co,25
917,WANDA,GUTIERREZ,wgutierrezpg@domainmarket.com,20
918,MICHELLE,CHAPMAN,mchapmanph@discuz.net,21
919,PHILIP,HAMILTON,phamiltonpi@ask.com,30
920,GEORGE,BAILEY,gbaileypj@hostgator.com,30
921,RACHEL,DUNCAN,rduncanpk@usatoday.com,21
922,KATHY,ADAMS,kadamspl@sun.com,25
923,MATTHEW,KELLEY,mkelleypm@123-reg.co.uk,28
924,ERNEST,BURKE,eburkepn@yelp.com,30
925,BETTY,BARNES,bbarnespo@dagondesign.com,30
926,DOROTHY,RAMIREZ,dramirezpp@friendfeed.com,28
927,DANIEL,KIM,dkimpq@umich.edu,30
928,CHRIS,BENNETT,cbennettpr@state.gov,20
929,HELEN,PRICE,hpriceps@wikipedia.org,27
930,JESSE,JACKSON,jjacksonpt@soup.io,28
931,JUDY,WHITE,jwhitepu@facebook.com,29
932,JACQUELINE,MARTINEZ,jmartinezpv@weibo.com,26
933,LORI,PERRY,lperrypw@tamu.edu,29
934,WALTER,BURKE,wburkepx@census.gov,28
935,KATHRYN,MONTGOMERY,kmontgomerypy@engadget.com,21
936,CARL,STONE,cstonepz@cdc.gov,24
937,IRENE,SIMS,isimsq0@sciencedirect.com,25
938,BEVERLY,ALEXANDER,balexanderq1@blog.com,25
939,THOMAS,DIXON,tdixonq2@nytimes.com,22
940,PAULA,HARRIS,pharrisq3@about.me,22
941,WAYNE,JAMES,wjamesq4@youtu.be,24
942,JERRY,SCOTT,jscottq5@exblog.jp,21
943,DOUGLAS,ADAMS,dadamsq6@noaa.gov,30
944,THOMAS,JOHNSON,tjohnsonq7@mit.edu,22
945,JOHNNY,HUGHES,jhughesq8@symantec.com,30
946,JANET,STEWART,jstewartq9@cpanel.net,24
947,BOBBY,COOPER,bcooperqa@surveymonkey.com,21
948,MARGARET,RAY,mrayqb@over-blog.com,23
949,MATTHEW,MATTHEWS,mmatthewsqc@yelp.com,25
950,JIMMY,COOPER,jcooperqd@hao123.com,29
951,KIMBERLY,TORRES,ktorresqe@plala.or.jp,23
952,KELLY,WHEELER,kwheelerqf@nih.gov,29
953,HOWARD,NELSON,hnelsonqg@slate.com,29
954,MARIE,SULLIVAN,msullivanqh@ucsd.edu,26
955,JOAN,SCOTT,jscottqi@friendfeed.com,20
956,RACHEL,ANDREWS,randrewsqj@squidoo.com,26
957,LAURA,RAY,lrayqk@liveinternet.ru,27
958,JEREMY,CARPENTER,jcarpenterql@sourceforge.net,27
959,JASON,HICKS,jhicksqm@nyu.edu,20
960,PHYLLIS,LARSON,plarsonqn@people.com.cn,24
961,HEATHER,BAILEY,hbaileyqo@yellowbook.com,30
962,JUAN,PARKER,jparkerqp@google.ru,30
963,SCOTT,FOWLER,sfowlerqq@reddit.com,27
964,HEATHER,CAMPBELL,hcampbellqr@mlb.com,23
965,AARON,GOMEZ,agomezqs@nih.gov,22
966,CHRISTOPHER,STANLEY,cstanleyqt@accuweather.com,22
967,FRANCES,CARROLL,fcarrollqu@purevolume.com,20
968,KENNETH,LANE,klaneqv@utexas.edu,25
969,CHRIS,WOODS,cwoodsqw@opensource.org,24
970,NORMA,CAMPBELL,ncampbellqx@netvibes.com,24
971,RALPH,CLARK,rclarkqy@unc.edu,27
972,FRANK,SIMPSON,fsimpsonqz@mlb.com,24
973,DENISE,PETERS,dpetersr0@live.com,27
974,CATHERINE,MASON,cmasonr1@adobe.com,26
975,SUSAN,HOLMES,sholmesr2@jugem.jp,29
976,KENNETH,BRADLEY,kbradleyr3@army.mil,21
977,JERRY,LITTLE,jlittler4@infoseek.co.jp,22
978,JENNIFER,BURNS,jburnsr5@de.vu,29
979,JEFFREY,GIBSON,jgibsonr6@issuu.com,29
980,CAROLYN,GARRETT,cgarrettr7@4shared.com,21
981,DONNA,REID,dreidr8@clickbank.net,28
982,SARA,BERRY,sberryr9@webmd.com,23
983,LARRY,BRYANT,lbryantra@reddit.com,23
984,THOMAS,MORENO,tmorenorb@patch.com,21
985,RONALD,COLE,rcolerc@dell.com,22
986,KELLY,FLORES,kfloresrd@nba.com,28
987,SHAWN,FERNANDEZ,sfernandezre@ameblo.jp,28
988,TODD,BURTON,tburtonrf@addtoany.com,26
989,MARIE,MASON,mmasonrg@unesco.org,28
990,LARRY,GRAHAM,lgrahamrh@furl.net,28
991,ROGER,WILLIS,rwillisri@geocities.jp,30
992,ROBERT,PRICE,rpricerj@netvibes.com,29
993,ASHLEY,REYNOLDS,areynoldsrk@github.com,27
994,KIMBERLY,WHITE,kwhiterl@rakuten.co.jp,26
995,NICOLE,RAMIREZ,nramirezrm@timesonline.co.uk,27
996,KATHERINE,PIERCE,kpiercern@vinaora.com,20
997,MICHAEL,HOWARD,mhowardro@loc.gov,20
998,ERIC,HUNTER,ehunterrp@linkedin.com,21
999,ANNA,MILLER,amillerrq@skype.com,20
1000,CARLOS,GEORGE,cgeorgerr@netvibes.com,27
1001,KISHAN,KUMAR,kk@javatrainer.com,28
